name,URL,string_date,birthday
Mark Jackson,https://en.wikipedia.org//wiki/Mark_Jackson_(basketball),April_1,2020-04-01
Beth Tweddle,https://en.wikipedia.org//wiki/Beth_Tweddle,April_1,2020-04-01
Sean Taylor,https://en.wikipedia.org//wiki/Sean_Taylor,April_1,2020-04-01
Otto von Bismarck,https://en.wikipedia.org//wiki/Otto_von_Bismarck,April_1,2020-04-01
Sergei Rachmaninoff,https://en.wikipedia.org//wiki/Sergei_Rachmaninoff,April_1,2020-04-01
Edgar Wallace,https://en.wikipedia.org//wiki/Edgar_Wallace,April_1,2020-04-01
Wallace Beery,https://en.wikipedia.org//wiki/Wallace_Beery,April_1,2020-04-01
Winston Churchill,https://en.wikipedia.org//wiki/Winston_Churchill,April_1,2020-04-01
Governor-General of Australia,https://en.wikipedia.org//wiki/Governor-General_of_Australia,April_1,2020-04-01
Toshiro Mifune,https://en.wikipedia.org//wiki/Toshiro_Mifune,April_1,2020-04-01
Debbie Reynolds,https://en.wikipedia.org//wiki/Debbie_Reynolds,April_1,2020-04-01
President of the Swiss Confederation,https://en.wikipedia.org//wiki/List_of_Presidents_of_the_Swiss_Confederation,April_1,2020-04-01
Samuel R. Delany,https://en.wikipedia.org//wiki/Samuel_R._Delany,April_1,2020-04-01
Jimmy Cliff,https://en.wikipedia.org//wiki/Jimmy_Cliff,April_1,2020-04-01
Susan Boyle,https://en.wikipedia.org//wiki/Susan_Boyle,April_1,2020-04-01
Chris Grayling,https://en.wikipedia.org//wiki/Chris_Grayling,April_1,2020-04-01
Vitor Belfort,https://en.wikipedia.org//wiki/Vitor_Belfort,April_1,2020-04-01
Ding Junhui,https://en.wikipedia.org//wiki/Ding_Junhui,April_1,2020-04-01
Magdalena Maleeva,https://en.wikipedia.org//wiki/Magdalena_Maleeva,April_1,2020-04-01
Dean Windass,https://en.wikipedia.org//wiki/Dean_Windass,April_1,2020-04-01
Mehmet Özdilek,https://en.wikipedia.org//wiki/Mehmet_%C3%96zdilek,April_1,2020-04-01
Randy Orton,https://en.wikipedia.org//wiki/Randy_Orton,April_1,2020-04-01
Alberto Zaccheroni,https://en.wikipedia.org//wiki/Alberto_Zaccheroni,April_1,2020-04-01
Gil Scott-Heron,https://en.wikipedia.org//wiki/Gil_Scott-Heron,April_1,2020-04-01
Oliver Turvey,https://en.wikipedia.org//wiki/Oliver_Turvey,April_1,2020-04-01
Paul Manafort,https://en.wikipedia.org//wiki/Paul_Manafort,April_1,2020-04-01
Arrigo Sacchi,https://en.wikipedia.org//wiki/Arrigo_Sacchi,April_1,2020-04-01
Phil Niekro,https://en.wikipedia.org//wiki/Phil_Niekro,April_1,2020-04-01
Abdul Qadeer Khan,https://en.wikipedia.org//wiki/Abdul_Qadeer_Khan,April_1,2020-04-01
Milan Kundera,https://en.wikipedia.org//wiki/Milan_Kundera,April_1,2020-04-01
Ferenc Puskás,https://en.wikipedia.org//wiki/Ferenc_Pusk%C3%A1s,April_1,2020-04-01
Doctor Who,https://en.wikipedia.org//wiki/Doctor_Who,April_1,2020-04-01
Javier Irureta,https://en.wikipedia.org//wiki/Javier_Irureta,April_1,2020-04-01
David Gilliland,https://en.wikipedia.org//wiki/David_Gilliland,April_1,2020-04-01
Clarence Seedorf,https://en.wikipedia.org//wiki/Clarence_Seedorf,April_1,2020-04-01
Leon Russell,https://en.wikipedia.org//wiki/Leon_Russell,April_2,2020-04-02
Michael Clarke,https://en.wikipedia.org//wiki/Michael_Clarke_(cricketer),April_2,2020-04-02
Ibrahim Afellay,https://en.wikipedia.org//wiki/Ibrahim_Afellay,April_2,2020-04-02
New York Yankees,https://en.wikipedia.org//wiki/New_York_Yankees,April_2,2020-04-02
Billy Pierce,https://en.wikipedia.org//wiki/Billy_Pierce,April_2,2020-04-02
Serge Gainsbourg,https://en.wikipedia.org//wiki/Serge_Gainsbourg,April_2,2020-04-02
Mike Hailwood,https://en.wikipedia.org//wiki/Mike_Hailwood,April_2,2020-04-02
Don Sutton,https://en.wikipedia.org//wiki/Don_Sutton,April_2,2020-04-02
Edmundo Alves de Souza Neto,https://en.wikipedia.org//wiki/Edmundo_Alves_de_Souza_Neto,April_2,2020-04-02
Emmylou Harris,https://en.wikipedia.org//wiki/Emmylou_Harris,April_2,2020-04-02
Teddy Sheringham,https://en.wikipedia.org//wiki/Teddy_Sheringham,April_2,2020-04-02
Todd Woodbridge,https://en.wikipedia.org//wiki/Todd_Woodbridge,April_2,2020-04-02
Jack Evans,https://en.wikipedia.org//wiki/Jack_Evans_(wrestler),April_2,2020-04-02
David Ferrer,https://en.wikipedia.org//wiki/David_Ferrer,April_2,2020-04-02
Stéphane Lambiel,https://en.wikipedia.org//wiki/St%C3%A9phane_Lambiel,April_2,2020-04-02
Marc Pugh,https://en.wikipedia.org//wiki/Marc_Pugh,April_2,2020-04-02
Miralem Pjanić,https://en.wikipedia.org//wiki/Miralem_Pjani%C4%87,April_2,2020-04-02
Juha Kankkunen,https://en.wikipedia.org//wiki/Juha_Kankkunen,April_2,2020-04-02
Ajay Devgan,https://en.wikipedia.org//wiki/Ajay_Devgan,April_2,2020-04-02
Yevgeniya Kanayeva,https://en.wikipedia.org//wiki/Yevgeniya_Kanayeva,April_2,2020-04-02
Goa,https://en.wikipedia.org//wiki/Goa,April_2,2020-04-02
Marvin Gaye,https://en.wikipedia.org//wiki/Marvin_Gaye,April_2,2020-04-02
Hughie Jennings,https://en.wikipedia.org//wiki/Hughie_Jennings,April_2,2020-04-02
Hans Christian Andersen,https://en.wikipedia.org//wiki/Hans_Christian_Andersen,April_2,2020-04-02
Charlemagne,https://en.wikipedia.org//wiki/Charlemagne,April_2,2020-04-02
Linford Christie,https://en.wikipedia.org//wiki/Linford_Christie,April_2,2020-04-02
Alec Guinness,https://en.wikipedia.org//wiki/Alec_Guinness,April_2,2020-04-02
Jack Brabham,https://en.wikipedia.org//wiki/Jack_Brabham,April_2,2020-04-02
François de Roubaix,https://en.wikipedia.org//wiki/Fran%C3%A7ois_de_Roubaix,April_3,2020-04-03
Prime Minister of Poland,https://en.wikipedia.org//wiki/Prime_Minister_of_Poland,April_3,2020-04-03
Marlon Brando,https://en.wikipedia.org//wiki/Marlon_Brando,April_3,2020-04-03
Nicolas Escudé,https://en.wikipedia.org//wiki/Nicolas_Escud%C3%A9,April_3,2020-04-03
Piet de Jong,https://en.wikipedia.org//wiki/Piet_de_Jong,April_3,2020-04-03
Simon Black,https://en.wikipedia.org//wiki/Simon_Black,April_3,2020-04-03
Ben Foster,https://en.wikipedia.org//wiki/Ben_Foster_(footballer),April_3,2020-04-03
Jari-Matti Latvala,https://en.wikipedia.org//wiki/Jari-Matti_Latvala,April_3,2020-04-03
Stanislaw Ulam,https://en.wikipedia.org//wiki/Stanislaw_Ulam,April_3,2020-04-03
Leslie Howard,https://en.wikipedia.org//wiki/Leslie_Howard_(actor),April_3,2020-04-03
Neville Cardus,https://en.wikipedia.org//wiki/Neville_Cardus,April_3,2020-04-03
Lorenzo Snow,https://en.wikipedia.org//wiki/Lorenzo_Snow,April_3,2020-04-03
Tony Benn,https://en.wikipedia.org//wiki/Tony_Benn,April_3,2020-04-03
Alec Baldwin,https://en.wikipedia.org//wiki/Alec_Baldwin,April_3,2020-04-03
Lance Storm,https://en.wikipedia.org//wiki/Lance_Storm,April_3,2020-04-03
Karim Ansarifard,https://en.wikipedia.org//wiki/Karim_Ansarifard,April_3,2020-04-03
Gabriel Jesus,https://en.wikipedia.org//wiki/Gabriel_Jesus,April_3,2020-04-03
Stanisława Walasiewicz,https://en.wikipedia.org//wiki/Stanis%C5%82awa_Walasiewicz,April_3,2020-04-03
Doris Day,https://en.wikipedia.org//wiki/Doris_Day,April_3,2020-04-03
Gus Grissom,https://en.wikipedia.org//wiki/Gus_Grissom,April_3,2020-04-03
Helmut Kohl,https://en.wikipedia.org//wiki/Helmut_Kohl,April_3,2020-04-03
Jane Goodall,https://en.wikipedia.org//wiki/Jane_Goodall,April_3,2020-04-03
Eddie Murphy,https://en.wikipedia.org//wiki/Eddie_Murphy,April_3,2020-04-03
Jaya Prada,https://en.wikipedia.org//wiki/Jaya_Prada,April_3,2020-04-03
Nigel Farage,https://en.wikipedia.org//wiki/Nigel_Farage,April_3,2020-04-03
Israel Folau,https://en.wikipedia.org//wiki/Israel_Folau,April_3,2020-04-03
Brandon Graham,https://en.wikipedia.org//wiki/Brandon_Graham,April_3,2020-04-03
Leona Lewis,https://en.wikipedia.org//wiki/Leona_Lewis,April_3,2020-04-03
Tommy Haas,https://en.wikipedia.org//wiki/Tommy_Haas,April_3,2020-04-03
Mark Skaife,https://en.wikipedia.org//wiki/Mark_Skaife,April_3,2020-04-03
Sam Manekshaw,https://en.wikipedia.org//wiki/Sam_Manekshaw,April_3,2020-04-03
Swaminarayan,https://en.wikipedia.org//wiki/Swaminarayan,April_3,2020-04-03
Washington Irving,https://en.wikipedia.org//wiki/Washington_Irving,April_3,2020-04-03
Pierre Monteux,https://en.wikipedia.org//wiki/Pierre_Monteux,April_4,2020-04-04
Thaddeus Stevens,https://en.wikipedia.org//wiki/Thaddeus_Stevens,April_4,2020-04-04
Caracalla,https://en.wikipedia.org//wiki/Caracalla,April_4,2020-04-04
Maya Angelou,https://en.wikipedia.org//wiki/Maya_Angelou,April_4,2020-04-04
Abdullah Öcalan,https://en.wikipedia.org//wiki/Abdullah_%C3%96calan,April_4,2020-04-04
John Hannah,https://en.wikipedia.org//wiki/John_Hannah_(American_football),April_4,2020-04-04
Heath Ledger,https://en.wikipedia.org//wiki/Heath_Ledger,April_4,2020-04-04
Rudy Fernández,https://en.wikipedia.org//wiki/Rudy_Fern%C3%A1ndez_(basketball),April_4,2020-04-04
Sami Khedira,https://en.wikipedia.org//wiki/Sami_Khedira,April_4,2020-04-04
Bea Benaderet,https://en.wikipedia.org//wiki/Bea_Benaderet,April_4,2020-04-04
Shing-Tung Yau,https://en.wikipedia.org//wiki/Shing-Tung_Yau,April_4,2020-04-04
David E. Kelley,https://en.wikipedia.org//wiki/David_E._Kelley,April_4,2020-04-04
David Cross,https://en.wikipedia.org//wiki/David_Cross,April_4,2020-04-04
Robert Downey Jr.,https://en.wikipedia.org//wiki/Robert_Downey_Jr.,April_4,2020-04-04
Loris Capirossi,https://en.wikipedia.org//wiki/Loris_Capirossi,April_4,2020-04-04
Roberto Luongo,https://en.wikipedia.org//wiki/Roberto_Luongo,April_4,2020-04-04
Dudi Sela,https://en.wikipedia.org//wiki/Dudi_Sela,April_4,2020-04-04
Aiden McGeady,https://en.wikipedia.org//wiki/Aiden_McGeady,April_4,2020-04-04
Frank Kaminsky,https://en.wikipedia.org//wiki/Frank_Kaminsky,April_4,2020-04-04
Tris Speaker,https://en.wikipedia.org//wiki/Tris_Speaker,April_4,2020-04-04
Richard Lugar,https://en.wikipedia.org//wiki/Richard_Lugar,April_4,2020-04-04
Natasha Lyonne,https://en.wikipedia.org//wiki/Natasha_Lyonne,April_4,2020-04-04
Governor General of Canada,https://en.wikipedia.org//wiki/Governor_General_of_Canada,April_4,2020-04-04
Dettmar Cramer,https://en.wikipedia.org//wiki/Dettmar_Cramer,April_4,2020-04-04
Herbert von Karajan,https://en.wikipedia.org//wiki/Herbert_von_Karajan,April_5,2020-04-05
Dwain Chambers,https://en.wikipedia.org//wiki/Dwain_Chambers,April_5,2020-04-05
Jonathan Erlich,https://en.wikipedia.org//wiki/Jonathan_Erlich,April_5,2020-04-05
Troy Gentry,https://en.wikipedia.org//wiki/Troy_Gentry,April_5,2020-04-05
Aykut Kocaman,https://en.wikipedia.org//wiki/Aykut_Kocaman,April_5,2020-04-05
Diamond Dallas Page,https://en.wikipedia.org//wiki/Diamond_Dallas_Page,April_5,2020-04-05
Melvyn Douglas,https://en.wikipedia.org//wiki/Melvyn_Douglas,April_5,2020-04-05
President of Germany,https://en.wikipedia.org//wiki/President_of_Germany,April_5,2020-04-05
Roger Corman,https://en.wikipedia.org//wiki/Roger_Corman,April_5,2020-04-05
Robert Bloch,https://en.wikipedia.org//wiki/Robert_Bloch,April_5,2020-04-05
Medal of Honor,https://en.wikipedia.org//wiki/Medal_of_Honor,April_5,2020-04-05
Gregory Peck,https://en.wikipedia.org//wiki/Gregory_Peck,April_5,2020-04-05
Bette Davis,https://en.wikipedia.org//wiki/Bette_Davis,April_5,2020-04-05
Menachem Mendel Schneerson,https://en.wikipedia.org//wiki/Menachem_Mendel_Schneerson,April_5,2020-04-05
Leon Trotsky,https://en.wikipedia.org//wiki/Leon_Trotsky,April_5,2020-04-05
President of Peru,https://en.wikipedia.org//wiki/List_of_Presidents_of_Peru,April_5,2020-04-05
Booker T. Washington,https://en.wikipedia.org//wiki/Booker_T._Washington,April_5,2020-04-05
Thomas Hobbes,https://en.wikipedia.org//wiki/Thomas_Hobbes,April_5,2020-04-05
Tom Finney,https://en.wikipedia.org//wiki/Tom_Finney,April_5,2020-04-05
Rachel Homan,https://en.wikipedia.org//wiki/Rachel_Homan,April_5,2020-04-05
President of the Philippines,https://en.wikipedia.org//wiki/President_of_the_Philippines,April_5,2020-04-05
Saba Qamar,https://en.wikipedia.org//wiki/Saba_Qamar,April_5,2020-04-05
John Le Mesurier,https://en.wikipedia.org//wiki/John_Le_Mesurier,April_5,2020-04-05
Nguyễn Văn Thiệu,https://en.wikipedia.org//wiki/Nguy%E1%BB%85n_V%C4%83n_Thi%E1%BB%87u,April_5,2020-04-05
Charlotte Flair,https://en.wikipedia.org//wiki/Charlotte_Flair,April_5,2020-04-05
Colin Powell,https://en.wikipedia.org//wiki/Colin_Powell,April_5,2020-04-05
David Winters,https://en.wikipedia.org//wiki/David_Winters_(choreographer),April_5,2020-04-05
Peter T. King,https://en.wikipedia.org//wiki/Peter_T._King,April_5,2020-04-05
Gloria Macapagal-Arroyo,https://en.wikipedia.org//wiki/Gloria_Macapagal-Arroyo,April_5,2020-04-05
Akira Toriyama,https://en.wikipedia.org//wiki/Akira_Toriyama,April_5,2020-04-05
Marius Lăcătuș,https://en.wikipedia.org//wiki/Marius_L%C4%83c%C4%83tu%C8%99,April_5,2020-04-05
Nigel Hawthorne,https://en.wikipedia.org//wiki/Nigel_Hawthorne,April_5,2020-04-05
Tom Coronel,https://en.wikipedia.org//wiki/Tom_Coronel,April_5,2020-04-05
Mike McCready,https://en.wikipedia.org//wiki/Mike_McCready,April_5,2020-04-05
Darija Jurak,https://en.wikipedia.org//wiki/Darija_Jurak,April_5,2020-04-05
Spencer Tracy,https://en.wikipedia.org//wiki/Spencer_Tracy,April_5,2020-04-05
Stephen Jackson,https://en.wikipedia.org//wiki/Stephen_Jackson,April_5,2020-04-05
Alexandre Prémat,https://en.wikipedia.org//wiki/Alexandre_Pr%C3%A9mat,April_5,2020-04-05
Fernando Morientes,https://en.wikipedia.org//wiki/Fernando_Morientes,April_5,2020-04-05
Sterling K. Brown,https://en.wikipedia.org//wiki/Sterling_K._Brown,April_5,2020-04-05
John Hartson,https://en.wikipedia.org//wiki/John_Hartson,April_5,2020-04-05
Pharrell Williams,https://en.wikipedia.org//wiki/Pharrell_Williams,April_5,2020-04-05
Henrik Stenson,https://en.wikipedia.org//wiki/Henrik_Stenson,April_5,2020-04-05
James Wade,https://en.wikipedia.org//wiki/James_Wade,April_6,2020-04-06
Marco Schällibaum,https://en.wikipedia.org//wiki/Marco_Sch%C3%A4llibaum,April_6,2020-04-06
André Previn,https://en.wikipedia.org//wiki/Andr%C3%A9_Previn,April_6,2020-04-06
James Watson,https://en.wikipedia.org//wiki/James_Watson,April_6,2020-04-06
Ian Paisley,https://en.wikipedia.org//wiki/Ian_Paisley,April_6,2020-04-06
Robert Earnshaw,https://en.wikipedia.org//wiki/Robert_Earnshaw,April_6,2020-04-06
Rafael Correa,https://en.wikipedia.org//wiki/Rafael_Correa,April_6,2020-04-06
Barry Levinson,https://en.wikipedia.org//wiki/Barry_Levinson,April_6,2020-04-06
Bert Blyleven,https://en.wikipedia.org//wiki/Bert_Blyleven,April_6,2020-04-06
Merle Haggard,https://en.wikipedia.org//wiki/Merle_Haggard,April_6,2020-04-06
Leonora Carrington,https://en.wikipedia.org//wiki/Leonora_Carrington,April_6,2020-04-06
Mickey Cochrane,https://en.wikipedia.org//wiki/Mickey_Cochrane,April_6,2020-04-06
Maimonides,https://en.wikipedia.org//wiki/Maimonides,April_6,2020-04-06
Michele Bachmann,https://en.wikipedia.org//wiki/Michele_Bachmann,April_6,2020-04-06
William M. Branham,https://en.wikipedia.org//wiki/William_M._Branham,April_6,2020-04-06
Julie Ertz,https://en.wikipedia.org//wiki/Julie_Ertz,April_6,2020-04-06
Billie Holiday,https://en.wikipedia.org//wiki/Billie_Holiday,April_7,2020-04-07
Randall Davidson,https://en.wikipedia.org//wiki/Randall_Davidson,April_7,2020-04-07
John McGraw,https://en.wikipedia.org//wiki/John_McGraw,April_7,2020-04-07
Ravi Shankar,https://en.wikipedia.org//wiki/Ravi_Shankar,April_7,2020-04-07
James Garner,https://en.wikipedia.org//wiki/James_Garner,April_7,2020-04-07
Bobby Bare,https://en.wikipedia.org//wiki/Bobby_Bare,April_7,2020-04-07
Jerry Brown,https://en.wikipedia.org//wiki/Jerry_Brown,April_7,2020-04-07
Francis Ford Coppola,https://en.wikipedia.org//wiki/Francis_Ford_Coppola,April_7,2020-04-07
Record Plant,https://en.wikipedia.org//wiki/Record_Plant,April_7,2020-04-07
Mitch Daniels,https://en.wikipedia.org//wiki/Mitch_Daniels,April_7,2020-04-07
Jackie Chan,https://en.wikipedia.org//wiki/Jackie_Chan,April_7,2020-04-07
Dutch Minister of Defence,https://en.wikipedia.org//wiki/List_of_Ministers_of_Defence_of_the_Netherlands,April_7,2020-04-07
Adrián Beltré,https://en.wikipedia.org//wiki/Adri%C3%A1n_Beltr%C3%A9,April_7,2020-04-07
Martín Cáceres,https://en.wikipedia.org//wiki/Mart%C3%ADn_C%C3%A1ceres,April_7,2020-04-07
Daniel Ellsberg,https://en.wikipedia.org//wiki/Daniel_Ellsberg,April_7,2020-04-07
Freddie Hubbard,https://en.wikipedia.org//wiki/Freddie_Hubbard,April_7,2020-04-07
Trent Cotchin,https://en.wikipedia.org//wiki/Trent_Cotchin,April_7,2020-04-07
Sorana Cîrstea,https://en.wikipedia.org//wiki/Sorana_C%C3%AErstea,April_7,2020-04-07
Jakub Smrž,https://en.wikipedia.org//wiki/Jakub_Smr%C5%BE,April_7,2020-04-07
Franck Ribéry,https://en.wikipedia.org//wiki/Franck_Rib%C3%A9ry,April_7,2020-04-07
Suzann Pettersen,https://en.wikipedia.org//wiki/Suzann_Pettersen,April_7,2020-04-07
Ronde Barber,https://en.wikipedia.org//wiki/Ronde_Barber,April_7,2020-04-07
Victor Kraatz,https://en.wikipedia.org//wiki/Victor_Kraatz,April_7,2020-04-07
Russell Crowe,https://en.wikipedia.org//wiki/Russell_Crowe,April_7,2020-04-07
Francis Xavier,https://en.wikipedia.org//wiki/Francis_Xavier,April_7,2020-04-07
Tony Dorsett,https://en.wikipedia.org//wiki/Tony_Dorsett,April_7,2020-04-07
Gerhard Schröder,https://en.wikipedia.org//wiki/Gerhard_Schr%C3%B6der,April_7,2020-04-07
Patricia Arquette,https://en.wikipedia.org//wiki/Patricia_Arquette,April_8,2020-04-08
Melvin Calvin,https://en.wikipedia.org//wiki/Melvin_Calvin,April_8,2020-04-08
Betty Ford,https://en.wikipedia.org//wiki/Betty_Ford,April_8,2020-04-08
Ian Smith,https://en.wikipedia.org//wiki/Ian_Smith,April_8,2020-04-08
Iskandar of Johor,https://en.wikipedia.org//wiki/Iskandar_of_Johor,April_8,2020-04-08
Kofi Annan,https://en.wikipedia.org//wiki/Kofi_Annan,April_8,2020-04-08
John Havlicek,https://en.wikipedia.org//wiki/John_Havlicek,April_8,2020-04-08
Catfish Hunter,https://en.wikipedia.org//wiki/Catfish_Hunter,April_8,2020-04-08
Tom DeLay,https://en.wikipedia.org//wiki/Tom_DeLay,April_8,2020-04-08
Grzegorz Lato,https://en.wikipedia.org//wiki/Grzegorz_Lato,April_8,2020-04-08
United Artists,https://en.wikipedia.org//wiki/United_Artists,April_8,2020-04-08
Prime Minister of Iceland,https://en.wikipedia.org//wiki/Prime_Minister_of_Iceland,April_8,2020-04-08
John Schneider,https://en.wikipedia.org//wiki/John_Schneider_(screen_actor),April_8,2020-04-08
Gennady Golovkin,https://en.wikipedia.org//wiki/Gennady_Golovkin,April_8,2020-04-08
Kim Jong-hyun,https://en.wikipedia.org//wiki/Kim_Jong-hyun_(singer),April_8,2020-04-08
Seymour Hersh,https://en.wikipedia.org//wiki/Seymour_Hersh,April_8,2020-04-08
Larry Norman,https://en.wikipedia.org//wiki/Larry_Norman,April_8,2020-04-08
Ron Johnson,https://en.wikipedia.org//wiki/Ron_Johnson_(Wisconsin_politician),April_8,2020-04-08
Terry Porter,https://en.wikipedia.org//wiki/Terry_Porter,April_8,2020-04-08
Amit Trivedi,https://en.wikipedia.org//wiki/Amit_Trivedi,April_8,2020-04-08
Félix Hernández,https://en.wikipedia.org//wiki/F%C3%A9lix_Hern%C3%A1ndez,April_8,2020-04-08
Gary Carter,https://en.wikipedia.org//wiki/Gary_Carter,April_8,2020-04-08
Edmund Husserl,https://en.wikipedia.org//wiki/Edmund_Husserl,April_8,2020-04-08
Albert I of Belgium,https://en.wikipedia.org//wiki/Albert_I_of_Belgium,April_8,2020-04-08
Philip IV of Spain,https://en.wikipedia.org//wiki/Philip_IV_of_Spain,April_8,2020-04-08
Ramón Emeterio Betances,https://en.wikipedia.org//wiki/Ram%C3%B3n_Emeterio_Betances,April_8,2020-04-08
Jackie Evancho,https://en.wikipedia.org//wiki/Jackie_Evancho,April_9,2020-04-09
Seve Ballesteros,https://en.wikipedia.org//wiki/Seve_Ballesteros,April_9,2020-04-09
Robbie Fowler,https://en.wikipedia.org//wiki/Robbie_Fowler,April_9,2020-04-09
Columbine High School massacre,https://en.wikipedia.org//wiki/Columbine_High_School_massacre,April_9,2020-04-09
Paul Robeson,https://en.wikipedia.org//wiki/Paul_Robeson,April_9,2020-04-09
Hugh Gaitskell,https://en.wikipedia.org//wiki/Hugh_Gaitskell,April_9,2020-04-09
Heinz Meyer,https://en.wikipedia.org//wiki/Heinz_Meyer,April_9,2020-04-09
Patty Pravo,https://en.wikipedia.org//wiki/Patty_Pravo,April_9,2020-04-09
Iain Duncan Smith,https://en.wikipedia.org//wiki/Iain_Duncan_Smith,April_9,2020-04-09
Cynthia Nixon,https://en.wikipedia.org//wiki/Cynthia_Nixon,April_9,2020-04-09
Jacques Villeneuve,https://en.wikipedia.org//wiki/Jacques_Villeneuve,April_9,2020-04-09
Jenna Jameson,https://en.wikipedia.org//wiki/Jenna_Jameson,April_9,2020-04-09
Eric Harris,https://en.wikipedia.org//wiki/Eric_Harris_and_Dylan_Klebold,April_9,2020-04-09
Leighton Meester,https://en.wikipedia.org//wiki/Leighton_Meester,April_9,2020-04-09
Miguel Ángel Russo,https://en.wikipedia.org//wiki/Miguel_%C3%81ngel_Russo,April_9,2020-04-09
2017 Las Vegas shooting,https://en.wikipedia.org//wiki/2017_Las_Vegas_shooting,April_9,2020-04-09
Kristen Stewart,https://en.wikipedia.org//wiki/Kristen_Stewart,April_9,2020-04-09
J. William Fulbright,https://en.wikipedia.org//wiki/J._William_Fulbright,April_9,2020-04-09
Curly Lambeau,https://en.wikipedia.org//wiki/Curly_Lambeau,April_9,2020-04-09
Montero Lamar Hill,https://en.wikipedia.org//wiki/Lil_Nas_X,April_9,2020-04-09
Léon Blum,https://en.wikipedia.org//wiki/L%C3%A9on_Blum,April_9,2020-04-09
Paul Arizin,https://en.wikipedia.org//wiki/Paul_Arizin,April_9,2020-04-09
Leopold II of Belgium,https://en.wikipedia.org//wiki/Leopold_II_of_Belgium,April_9,2020-04-09
Isambard Kingdom Brunel,https://en.wikipedia.org//wiki/Isambard_Kingdom_Brunel,April_9,2020-04-09
Anna Pogorilaya,https://en.wikipedia.org//wiki/Anna_Pogorilaya,April_10,2020-04-10
Thanasi Kokkinakis,https://en.wikipedia.org//wiki/Thanasi_Kokkinakis,April_10,2020-04-10
Eric Greitens,https://en.wikipedia.org//wiki/Eric_Greitens,April_10,2020-04-10
Skype,https://en.wikipedia.org//wiki/Skype,April_10,2020-04-10
Lew Wallace,https://en.wikipedia.org//wiki/Lew_Wallace,April_10,2020-04-10
William Hazlitt,https://en.wikipedia.org//wiki/William_Hazlitt,April_10,2020-04-10
Helenio Herrera,https://en.wikipedia.org//wiki/Helenio_Herrera,April_10,2020-04-10
Mike Hawthorn,https://en.wikipedia.org//wiki/Mike_Hawthorn,April_10,2020-04-10
David Halberstam,https://en.wikipedia.org//wiki/David_Halberstam,April_10,2020-04-10
Governor General of Australia,https://en.wikipedia.org//wiki/Governor_General_of_Australia,April_10,2020-04-10
Hugo Grotius,https://en.wikipedia.org//wiki/Hugo_Grotius,April_10,2020-04-10
Marshall Warren Nirenberg,https://en.wikipedia.org//wiki/Marshall_Warren_Nirenberg,April_10,2020-04-10
Corey Kluber,https://en.wikipedia.org//wiki/Corey_Kluber,April_10,2020-04-10
John Madden,https://en.wikipedia.org//wiki/John_Madden,April_10,2020-04-10
Vincent Kompany,https://en.wikipedia.org//wiki/Vincent_Kompany,April_10,2020-04-10
Dion Phaneuf,https://en.wikipedia.org//wiki/Dion_Phaneuf,April_10,2020-04-10
Willo Flood,https://en.wikipedia.org//wiki/Willo_Flood,April_10,2020-04-10
Mandy Moore,https://en.wikipedia.org//wiki/Mandy_Moore,April_10,2020-04-10
Kasey Kahne,https://en.wikipedia.org//wiki/Kasey_Kahne,April_10,2020-04-10
Rachel Corrie,https://en.wikipedia.org//wiki/Rachel_Corrie,April_10,2020-04-10
Roberto Carlos,https://en.wikipedia.org//wiki/Roberto_Carlos,April_10,2020-04-10
Steven Seagal,https://en.wikipedia.org//wiki/Steven_Seagal,April_10,2020-04-10
Maren Morris,https://en.wikipedia.org//wiki/Maren_Morris,April_10,2020-04-10
Hayley Westenra,https://en.wikipedia.org//wiki/Hayley_Westenra,April_10,2020-04-10
Tore Reginiussen,https://en.wikipedia.org//wiki/Tore_Reginiussen,April_10,2020-04-10
Omar Sharif,https://en.wikipedia.org//wiki/Omar_Sharif,April_10,2020-04-10
Sadio Mané,https://en.wikipedia.org//wiki/Sadio_Man%C3%A9,April_10,2020-04-10
President of the Swiss Confederation,https://en.wikipedia.org//wiki/List_of_Presidents_of_the_Swiss_Confederation,April_10,2020-04-10
Mel Blount,https://en.wikipedia.org//wiki/Mel_Blount,April_10,2020-04-10
Joe Mauer,https://en.wikipedia.org//wiki/Joe_Mauer,April_19,2020-04-19
Ayaka Takahashi,https://en.wikipedia.org//wiki/Ayaka_Takahashi,April_19,2020-04-19
Héctor Herrera,https://en.wikipedia.org//wiki/H%C3%A9ctor_Herrera,April_19,2020-04-19
Kim Chiu,https://en.wikipedia.org//wiki/Kim_Chiu,April_19,2020-04-19
Maria Sharapova,https://en.wikipedia.org//wiki/Maria_Sharapova,April_19,2020-04-19
Joe Hart,https://en.wikipedia.org//wiki/Joe_Hart,April_19,2020-04-19
Candace Parker,https://en.wikipedia.org//wiki/Candace_Parker,April_19,2020-04-19
Troy Polamalu,https://en.wikipedia.org//wiki/Troy_Polamalu,April_19,2020-04-19
Gabriel Heinze,https://en.wikipedia.org//wiki/Gabriel_Heinze,April_19,2020-04-19
Frank Viola,https://en.wikipedia.org//wiki/Frank_Viola,April_19,2020-04-19
Joseph Estrada,https://en.wikipedia.org//wiki/Joseph_Estrada,April_19,2020-04-19
Jayne Mansfield,https://en.wikipedia.org//wiki/Jayne_Mansfield,April_19,2020-04-19
James Franco,https://en.wikipedia.org//wiki/James_Franco,April_19,2020-04-19
Abelardo Fernández,https://en.wikipedia.org//wiki/Abelardo_Fern%C3%A1ndez,April_19,2020-04-19
Al Unser Jr.,https://en.wikipedia.org//wiki/Al_Unser_Jr.,April_19,2020-04-19
Rivaldo,https://en.wikipedia.org//wiki/Rivaldo,April_19,2020-04-19
Glenn T. Seaborg,https://en.wikipedia.org//wiki/Glenn_T._Seaborg,April_19,2020-04-19
Erich Hartmann,https://en.wikipedia.org//wiki/Erich_Hartmann,April_19,2020-04-19
Governor General of Canada,https://en.wikipedia.org//wiki/Governor_General_of_Canada,April_19,2020-04-19
Roush Fenway Racing,https://en.wikipedia.org//wiki/Roush_Fenway_Racing,April_19,2020-04-19
Trevor Francis,https://en.wikipedia.org//wiki/Trevor_Francis,April_19,2020-04-19
Sue Barker,https://en.wikipedia.org//wiki/Sue_Barker,April_19,2020-04-19
President of the Philippines,https://en.wikipedia.org//wiki/President_of_the_Philippines,April_19,2020-04-19
Associate Justice of the Supreme Court of the United States,https://en.wikipedia.org//wiki/Associate_Justice_of_the_Supreme_Court_of_the_United_States,April_20,2020-04-20
John Paul Stevens,https://en.wikipedia.org//wiki/John_Paul_Stevens,April_20,2020-04-20
Don Mattingly,https://en.wikipedia.org//wiki/Don_Mattingly,April_20,2020-04-20
Maurício Gugelmin,https://en.wikipedia.org//wiki/Maur%C3%ADcio_Gugelmin,April_20,2020-04-20
Yahoo!,https://en.wikipedia.org//wiki/Yahoo!,April_20,2020-04-20
Curt Hawkins,https://en.wikipedia.org//wiki/Curt_Hawkins,April_20,2020-04-20
Miss America 2014,https://en.wikipedia.org//wiki/Miss_America_2014,April_20,2020-04-20
Adolf Hitler,https://en.wikipedia.org//wiki/Adolf_Hitler,April_20,2020-04-20
Phil Hill,https://en.wikipedia.org//wiki/Phil_Hill,April_20,2020-04-20
N. Chandrababu Naidu,https://en.wikipedia.org//wiki/N._Chandrababu_Naidu,April_20,2020-04-20
George Takei,https://en.wikipedia.org//wiki/George_Takei,April_20,2020-04-20
Jessica Lange,https://en.wikipedia.org//wiki/Jessica_Lange,April_20,2020-04-20
Luther Vandross,https://en.wikipedia.org//wiki/Luther_Vandross,April_20,2020-04-20
Željko Joksimović,https://en.wikipedia.org//wiki/%C5%BDeljko_Joksimovi%C4%87,April_20,2020-04-20
Yelena Välbe,https://en.wikipedia.org//wiki/Yelena_V%C3%A4lbe,April_20,2020-04-20
Raymond van Barneveld,https://en.wikipedia.org//wiki/Raymond_van_Barneveld,April_20,2020-04-20
Adrián Fernández,https://en.wikipedia.org//wiki/Adri%C3%A1n_Fern%C3%A1ndez,April_20,2020-04-20
Nate Marquardt,https://en.wikipedia.org//wiki/Nate_Marquardt,April_20,2020-04-20
Pat Roberts,https://en.wikipedia.org//wiki/Pat_Roberts,April_20,2020-04-20
Shay Given,https://en.wikipedia.org//wiki/Shay_Given,April_20,2020-04-20
Napoleon III,https://en.wikipedia.org//wiki/Napoleon_III,April_20,2020-04-20
Max Weber,https://en.wikipedia.org//wiki/Max_Weber,April_21,2020-04-21
Joe McCarthy,https://en.wikipedia.org//wiki/Joe_McCarthy_(manager),April_21,2020-04-21
Elaine May,https://en.wikipedia.org//wiki/Elaine_May,April_21,2020-04-21
Iggy Pop,https://en.wikipedia.org//wiki/Iggy_Pop,April_21,2020-04-21
John Muir,https://en.wikipedia.org//wiki/John_Muir,April_21,2020-04-21
Gwendal Peizerat,https://en.wikipedia.org//wiki/Gwendal_Peizerat,April_21,2020-04-21
Jamie Salé,https://en.wikipedia.org//wiki/Jamie_Sal%C3%A9,April_21,2020-04-21
James McAvoy,https://en.wikipedia.org//wiki/James_McAvoy,April_21,2020-04-21
Robert Smith,https://en.wikipedia.org//wiki/Robert_Smith_(musician),April_21,2020-04-21
Tarvaris Jackson,https://en.wikipedia.org//wiki/Tarvaris_Jackson,April_21,2020-04-21
Adam Rooney,https://en.wikipedia.org//wiki/Adam_Rooney,April_21,2020-04-21
Joc Pederson,https://en.wikipedia.org//wiki/Joc_Pederson,April_21,2020-04-21
Patti LuPone,https://en.wikipedia.org//wiki/Patti_LuPone,April_21,2020-04-21
James Dobson,https://en.wikipedia.org//wiki/James_Dobson,April_21,2020-04-21
Elizabeth II,https://en.wikipedia.org//wiki/Elizabeth_II,April_21,2020-04-21
SS,https://en.wikipedia.org//wiki/SS,April_21,2020-04-21
Tony Romo,https://en.wikipedia.org//wiki/Tony_Romo,April_21,2020-04-21
SS,https://en.wikipedia.org//wiki/SS,April_22,2020-04-22
Michael Atiyah,https://en.wikipedia.org//wiki/Michael_Atiyah,April_22,2020-04-22
Glen Campbell,https://en.wikipedia.org//wiki/Glen_Campbell,April_22,2020-04-22
Jack Nicholson,https://en.wikipedia.org//wiki/Jack_Nicholson,April_22,2020-04-22
François Berléand,https://en.wikipedia.org//wiki/Fran%C3%A7ois_Berl%C3%A9and,April_22,2020-04-22
Donald Tusk,https://en.wikipedia.org//wiki/Donald_Tusk,April_22,2020-04-22
Greg Moore,https://en.wikipedia.org//wiki/Greg_Moore_(racing_driver),April_22,2020-04-22
Dan Cloutier,https://en.wikipedia.org//wiki/Dan_Cloutier,April_22,2020-04-22
Terry Francona,https://en.wikipedia.org//wiki/Terry_Francona,April_22,2020-04-22
Zoltán Gera,https://en.wikipedia.org//wiki/Zolt%C3%A1n_Gera,April_22,2020-04-22
Kaká,https://en.wikipedia.org//wiki/Kak%C3%A1,April_22,2020-04-22
David Luiz,https://en.wikipedia.org//wiki/David_Luiz,April_22,2020-04-22
Nicola Sacco,https://en.wikipedia.org//wiki/Sacco_and_Vanzetti,April_22,2020-04-22
John Waters,https://en.wikipedia.org//wiki/John_Waters,April_22,2020-04-22
Prime Minister of Greece,https://en.wikipedia.org//wiki/Prime_Minister_of_Greece,April_22,2020-04-22
Milka Duno,https://en.wikipedia.org//wiki/Milka_Duno,April_22,2020-04-22
Marshawn Lynch,https://en.wikipedia.org//wiki/Marshawn_Lynch,April_22,2020-04-22
Vladimir Lenin,https://en.wikipedia.org//wiki/Vladimir_Lenin,April_22,2020-04-22
Mark van Bommel,https://en.wikipedia.org//wiki/Mark_van_Bommel,April_22,2020-04-22
Rita Levi-Montalcini,https://en.wikipedia.org//wiki/Rita_Levi-Montalcini,April_22,2020-04-22
Vladimir Nabokov,https://en.wikipedia.org//wiki/Vladimir_Nabokov,April_22,2020-04-22
J. Robert Oppenheimer,https://en.wikipedia.org//wiki/J._Robert_Oppenheimer,April_22,2020-04-22
Lewis Powell,https://en.wikipedia.org//wiki/Lewis_Powell_(conspirator),April_22,2020-04-22
Germaine de Staël,https://en.wikipedia.org//wiki/Germaine_de_Sta%C3%ABl,April_22,2020-04-22
Immanuel Kant,https://en.wikipedia.org//wiki/Immanuel_Kant,April_22,2020-04-22
Isabella I of Castile,https://en.wikipedia.org//wiki/Isabella_I_of_Castile,April_22,2020-04-22
Stephen A. Douglas,https://en.wikipedia.org//wiki/Stephen_A._Douglas,April_23,2020-04-23
Daniela Hantuchová,https://en.wikipedia.org//wiki/Daniela_Hantuchov%C3%A1,April_23,2020-04-23
John Oliver,https://en.wikipedia.org//wiki/John_Oliver,April_23,2020-04-23
Willie Mitchell,https://en.wikipedia.org//wiki/Willie_Mitchell_(ice_hockey),April_23,2020-04-23
Yelena Shushunova,https://en.wikipedia.org//wiki/Yelena_Shushunova,April_23,2020-04-23
Michael Moore,https://en.wikipedia.org//wiki/Michael_Moore,April_23,2020-04-23
Warren Spahn,https://en.wikipedia.org//wiki/Warren_Spahn,April_23,2020-04-23
Lester B. Pearson,https://en.wikipedia.org//wiki/Lester_B._Pearson,April_23,2020-04-23
Gigi Hadid,https://en.wikipedia.org//wiki/Gigi_Hadid,April_23,2020-04-23
Sven Kramer,https://en.wikipedia.org//wiki/Sven_Kramer,April_23,2020-04-23
Angel Locsin,https://en.wikipedia.org//wiki/Angel_Locsin,April_23,2020-04-23
Barry Hawkins,https://en.wikipedia.org//wiki/Barry_Hawkins,April_23,2020-04-23
John Cena,https://en.wikipedia.org//wiki/John_Cena,April_23,2020-04-23
Oklahoma City bombing,https://en.wikipedia.org//wiki/Oklahoma_City_bombing,April_23,2020-04-23
Leni Robredo,https://en.wikipedia.org//wiki/Leni_Robredo,April_23,2020-04-23
Judy Davis,https://en.wikipedia.org//wiki/Judy_Davis,April_23,2020-04-23
Gail Goodrich,https://en.wikipedia.org//wiki/Gail_Goodrich,April_23,2020-04-23
Shirley Temple,https://en.wikipedia.org//wiki/Shirley_Temple,April_23,2020-04-23
Jim Bottomley,https://en.wikipedia.org//wiki/Jim_Bottomley,April_23,2020-04-23
James Buchanan,https://en.wikipedia.org//wiki/James_Buchanan,April_23,2020-04-23
Roy Orbison,https://en.wikipedia.org//wiki/Roy_Orbison,April_23,2020-04-23
Georges Vanier,https://en.wikipedia.org//wiki/Georges_Vanier,April_23,2020-04-23
Richard M. Daley,https://en.wikipedia.org//wiki/Richard_M._Daley,April_24,2020-04-24
Philippe Pétain,https://en.wikipedia.org//wiki/Philippe_P%C3%A9tain,April_24,2020-04-24
Tommy Docherty,https://en.wikipedia.org//wiki/Tommy_Docherty,April_24,2020-04-24
Josep Borrell,https://en.wikipedia.org//wiki/Josep_Borrell,April_24,2020-04-24
Taoiseach of Ireland,https://en.wikipedia.org//wiki/Taoiseach,April_24,2020-04-24
Mumia Abu-Jamal,https://en.wikipedia.org//wiki/Mumia_Abu-Jamal,April_24,2020-04-24
Dino Rađa,https://en.wikipedia.org//wiki/Dino_Ra%C4%91a,April_24,2020-04-24
Steve Finnan,https://en.wikipedia.org//wiki/Steve_Finnan,April_24,2020-04-24
Carlos Beltrán,https://en.wikipedia.org//wiki/Carlos_Beltr%C3%A1n,April_24,2020-04-24
Kelly Clarkson,https://en.wikipedia.org//wiki/Kelly_Clarkson,April_24,2020-04-24
Ashleigh Barty,https://en.wikipedia.org//wiki/Ashleigh_Barty,April_24,2020-04-24
Lydia Ko,https://en.wikipedia.org//wiki/Lydia_Ko,April_24,2020-04-24
Benjamin Lee Whorf,https://en.wikipedia.org//wiki/Benjamin_Lee_Whorf,April_24,2020-04-24
Józef Gosławski,https://en.wikipedia.org//wiki/J%C3%B3zef_Gos%C5%82awski_(sculptor),April_24,2020-04-24
José Sarney,https://en.wikipedia.org//wiki/Jos%C3%A9_Sarney,April_24,2020-04-24
Mike Rodgers,https://en.wikipedia.org//wiki/Mike_Rodgers,April_24,2020-04-24
Barbra Streisand,https://en.wikipedia.org//wiki/Barbra_Streisand,April_24,2020-04-24
Shirley MacLaine,https://en.wikipedia.org//wiki/Shirley_MacLaine,April_24,2020-04-24
Veronika Kudermetova,https://en.wikipedia.org//wiki/Veronika_Kudermetova,April_24,2020-04-24
Morgan Ciprès,https://en.wikipedia.org//wiki/Morgan_Cipr%C3%A8s,April_24,2020-04-24
Lee Westwood,https://en.wikipedia.org//wiki/Lee_Westwood,April_24,2020-04-24
Sachin Tendulkar,https://en.wikipedia.org//wiki/Sachin_Tendulkar,April_24,2020-04-24
Jan Vertonghen,https://en.wikipedia.org//wiki/Jan_Vertonghen,April_24,2020-04-24
Alessandro Costacurta,https://en.wikipedia.org//wiki/Alessandro_Costacurta,April_24,2020-04-24
Stuart Pearce,https://en.wikipedia.org//wiki/Stuart_Pearce,April_24,2020-04-24
Enda Kenny,https://en.wikipedia.org//wiki/Enda_Kenny,April_24,2020-04-24
Chipper Jones,https://en.wikipedia.org//wiki/Chipper_Jones,April_24,2020-04-24
Tarcisio Burgnich,https://en.wikipedia.org//wiki/Tarcisio_Burgnich,April_25,2020-04-25
Américo Gallego,https://en.wikipedia.org//wiki/Am%C3%A9rico_Gallego,April_25,2020-04-25
Darren Woodson,https://en.wikipedia.org//wiki/Darren_Woodson,April_25,2020-04-25
Al Pacino,https://en.wikipedia.org//wiki/Al_Pacino,April_25,2020-04-25
Johan Cruyff,https://en.wikipedia.org//wiki/Johan_Cruyff,April_25,2020-04-25
Starbucks,https://en.wikipedia.org//wiki/Starbucks,April_25,2020-04-25
Johnathan Thurston,https://en.wikipedia.org//wiki/Johnathan_Thurston,April_25,2020-04-25
Hank Azaria,https://en.wikipedia.org//wiki/Hank_Azaria,April_25,2020-04-25
Alex Shibutani,https://en.wikipedia.org//wiki/Alex_Shibutani,April_25,2020-04-25
David Moyes,https://en.wikipedia.org//wiki/David_Moyes,April_25,2020-04-25
Giedo van der Garde,https://en.wikipedia.org//wiki/Giedo_van_der_Garde,April_25,2020-04-25
Mayor of Hamburg,https://en.wikipedia.org//wiki/List_of_mayors_of_Hamburg,April_25,2020-04-25
Dinesh D'Souza,https://en.wikipedia.org//wiki/Dinesh_D%27Souza,April_25,2020-04-25
Corín Tellado,https://en.wikipedia.org//wiki/Cor%C3%ADn_Tellado,April_25,2020-04-25
Jean-Éric Vergne,https://en.wikipedia.org//wiki/Jean-%C3%89ric_Vergne,April_25,2020-04-25
Guglielmo Marconi,https://en.wikipedia.org//wiki/Guglielmo_Marconi,April_25,2020-04-25
C. B. Fry,https://en.wikipedia.org//wiki/C._B._Fry,April_25,2020-04-25
Oliver Cromwell,https://en.wikipedia.org//wiki/Oliver_Cromwell,April_25,2020-04-25
Edward II of England,https://en.wikipedia.org//wiki/Edward_II_of_England,April_25,2020-04-25
Renée Zellweger,https://en.wikipedia.org//wiki/Ren%C3%A9e_Zellweger,April_25,2020-04-25
Tim Duncan,https://en.wikipedia.org//wiki/Tim_Duncan,April_25,2020-04-25
Alejandro Valverde,https://en.wikipedia.org//wiki/Alejandro_Valverde,April_25,2020-04-25
Felipe Massa,https://en.wikipedia.org//wiki/Felipe_Massa,April_25,2020-04-25
Anja Pärson,https://en.wikipedia.org//wiki/Anja_P%C3%A4rson,April_25,2020-04-25
Alex Bowman,https://en.wikipedia.org//wiki/Alex_Bowman,April_25,2020-04-25
DeAngelo Williams,https://en.wikipedia.org//wiki/DeAngelo_Williams,April_25,2020-04-25
Jay Park,https://en.wikipedia.org//wiki/Jay_Park,April_25,2020-04-25
Michael van Gerwen,https://en.wikipedia.org//wiki/Michael_van_Gerwen,April_25,2020-04-25
Ella Fitzgerald,https://en.wikipedia.org//wiki/Ella_Fitzgerald,April_25,2020-04-25
Dominique Strauss-Kahn,https://en.wikipedia.org//wiki/Dominique_Strauss-Kahn,April_25,2020-04-25
Sergei Prokofiev,https://en.wikipedia.org//wiki/Sergei_Prokofiev,April_27,2020-04-27
Ulysses S. Grant,https://en.wikipedia.org//wiki/Ulysses_S._Grant,April_27,2020-04-27
Willem-Alexander,https://en.wikipedia.org//wiki/Willem-Alexander_of_the_Netherlands,April_27,2020-04-27
Russell T Davies,https://en.wikipedia.org//wiki/Russell_T_Davies,April_27,2020-04-27
Fethullah Gülen,https://en.wikipedia.org//wiki/Fethullah_G%C3%BClen,April_27,2020-04-27
Coretta Scott King,https://en.wikipedia.org//wiki/Coretta_Scott_King,April_27,2020-04-27
Chiang Ching-kuo,https://en.wikipedia.org//wiki/Chiang_Ching-kuo,April_27,2020-04-27
Herbert Spencer,https://en.wikipedia.org//wiki/Herbert_Spencer,April_27,2020-04-27
Cory Booker,https://en.wikipedia.org//wiki/Cory_Booker,April_27,2020-04-27
Rogers Hornsby,https://en.wikipedia.org//wiki/Rogers_Hornsby,April_27,2020-04-27
Mary Wollstonecraft,https://en.wikipedia.org//wiki/Mary_Wollstonecraft,April_27,2020-04-27
Nick Kyrgios,https://en.wikipedia.org//wiki/Nick_Kyrgios,April_27,2020-04-27
Casey Kasem,https://en.wikipedia.org//wiki/Casey_Kasem,April_27,2020-04-27
Josef Hickersberger,https://en.wikipedia.org//wiki/Josef_Hickersberger,April_27,2020-04-27
George Gervin,https://en.wikipedia.org//wiki/George_Gervin,April_27,2020-04-27
Ari Vatanen,https://en.wikipedia.org//wiki/Ari_Vatanen,April_27,2020-04-27
Eric Schmidt,https://en.wikipedia.org//wiki/Eric_Schmidt,April_27,2020-04-27
Sébastien Lareau,https://en.wikipedia.org//wiki/S%C3%A9bastien_Lareau,April_27,2020-04-27
Chris Carpenter,https://en.wikipedia.org//wiki/Chris_Carpenter,April_27,2020-04-27
Sally Hawkins,https://en.wikipedia.org//wiki/Sally_Hawkins,April_27,2020-04-27
Lizzo,https://en.wikipedia.org//wiki/Lizzo,April_27,2020-04-27
Dinara Safina,https://en.wikipedia.org//wiki/Dinara_Safina,April_27,2020-04-27
Patrick Stump,https://en.wikipedia.org//wiki/Patrick_Stump,April_27,2020-04-27
American Top 40,https://en.wikipedia.org//wiki/American_Top_40,April_27,2020-04-27
Draža Mihailović,https://en.wikipedia.org//wiki/Dra%C5%BEa_Mihailovi%C4%87,April_27,2020-04-27
Diego Simeone,https://en.wikipedia.org//wiki/Diego_Simeone,April_28,2020-04-28
Samantha Akkineni,https://en.wikipedia.org//wiki/Samantha_Akkineni,April_28,2020-04-28
Walter Zenga,https://en.wikipedia.org//wiki/Walter_Zenga,April_28,2020-04-28
Elena Kagan,https://en.wikipedia.org//wiki/Elena_Kagan,April_28,2020-04-28
Kim Gordon,https://en.wikipedia.org//wiki/Kim_Gordon,April_28,2020-04-28
Jay Leno,https://en.wikipedia.org//wiki/Jay_Leno,April_28,2020-04-28
Eugene Merle Shoemaker,https://en.wikipedia.org//wiki/Eugene_Merle_Shoemaker,April_28,2020-04-28
Tristan Tzara,https://en.wikipedia.org//wiki/Tristan_Tzara,April_28,2020-04-28
Josh Brookes,https://en.wikipedia.org//wiki/Josh_Brookes,April_28,2020-04-28
Jessica Alba,https://en.wikipedia.org//wiki/Jessica_Alba,April_28,2020-04-28
Barry Larkin,https://en.wikipedia.org//wiki/Barry_Larkin,April_28,2020-04-28
Blake Bortles,https://en.wikipedia.org//wiki/Blake_Bortles,April_28,2020-04-28
Violent J,https://en.wikipedia.org//wiki/Violent_J,April_28,2020-04-28
Melanie Martinez,https://en.wikipedia.org//wiki/Melanie_Martinez_(singer),April_28,2020-04-28
John Daly,https://en.wikipedia.org//wiki/John_Daly_(golfer),April_28,2020-04-28
Associate Justice of the Supreme Court of the United States,https://en.wikipedia.org//wiki/Associate_Justice_of_the_Supreme_Court_of_the_United_States,April_28,2020-04-28
Hal Sutton,https://en.wikipedia.org//wiki/Hal_Sutton,April_28,2020-04-28
Terry Pratchett,https://en.wikipedia.org//wiki/Terry_Pratchett,April_28,2020-04-28
Ann-Margret,https://en.wikipedia.org//wiki/Ann-Margret,April_28,2020-04-28
Saddam Hussein,https://en.wikipedia.org//wiki/Saddam_Hussein,April_28,2020-04-28
Kurt Gödel,https://en.wikipedia.org//wiki/Kurt_G%C3%B6del,April_28,2020-04-28
António de Oliveira Salazar,https://en.wikipedia.org//wiki/Ant%C3%B3nio_de_Oliveira_Salazar,April_28,2020-04-28
James Monroe,https://en.wikipedia.org//wiki/James_Monroe,April_28,2020-04-28
Juan Manuel Mata,https://en.wikipedia.org//wiki/Juan_Manuel_Mata,April_28,2020-04-28
SS,https://en.wikipedia.org//wiki/SS,April_28,2020-04-28
Bradley Wiggins,https://en.wikipedia.org//wiki/Bradley_Wiggins,April_28,2020-04-28
Penélope Cruz,https://en.wikipedia.org//wiki/Pen%C3%A9lope_Cruz,April_28,2020-04-28
Sara Errani,https://en.wikipedia.org//wiki/Sara_Errani,April_29,2020-04-29
Alexander II of Russia,https://en.wikipedia.org//wiki/Alexander_II_of_Russia,April_29,2020-04-29
Henri Poincaré,https://en.wikipedia.org//wiki/Henri_Poincar%C3%A9,April_29,2020-04-29
Thomas Beecham,https://en.wikipedia.org//wiki/Thomas_Beecham,April_29,2020-04-29
Harold Urey,https://en.wikipedia.org//wiki/Harold_Urey,April_29,2020-04-29
Duke Ellington,https://en.wikipedia.org//wiki/Duke_Ellington,April_29,2020-04-29
Hirohito,https://en.wikipedia.org//wiki/Hirohito,April_29,2020-04-29
Fred Zinnemann,https://en.wikipedia.org//wiki/Fred_Zinnemann,April_29,2020-04-29
George Allen,https://en.wikipedia.org//wiki/George_Allen_(American_football_coach),April_29,2020-04-29
Jean Rochefort,https://en.wikipedia.org//wiki/Jean_Rochefort,April_29,2020-04-29
Zubin Mehta,https://en.wikipedia.org//wiki/Zubin_Mehta,April_29,2020-04-29
Bernard Madoff,https://en.wikipedia.org//wiki/Bernard_Madoff,April_29,2020-04-29
Daniel Day-Lewis,https://en.wikipedia.org//wiki/Daniel_Day-Lewis,April_29,2020-04-29
Michelle Pfeiffer,https://en.wikipedia.org//wiki/Michelle_Pfeiffer,April_29,2020-04-29
Andre Agassi,https://en.wikipedia.org//wiki/Andre_Agassi,April_29,2020-04-29
Luis Aparicio,https://en.wikipedia.org//wiki/Luis_Aparicio,April_29,2020-04-29
Jay Cutler,https://en.wikipedia.org//wiki/Jay_Cutler_(American_football),April_29,2020-04-29
Mike Bryan,https://en.wikipedia.org//wiki/Mike_Bryan,April_29,2020-04-29
Lee Dong-gook,https://en.wikipedia.org//wiki/Lee_Dong-gook,April_29,2020-04-29
Titus O'Neil,https://en.wikipedia.org//wiki/Titus_O%27Neil,April_29,2020-04-29
Anggun,https://en.wikipedia.org//wiki/Anggun,April_29,2020-04-29
Uma Thurman,https://en.wikipedia.org//wiki/Uma_Thurman,April_29,2020-04-29
Jerry Seinfeld,https://en.wikipedia.org//wiki/Jerry_Seinfeld,April_29,2020-04-29
David Icke,https://en.wikipedia.org//wiki/David_Icke,April_29,2020-04-29
Bob Bryan,https://en.wikipedia.org//wiki/Bob_Bryan,April_29,2020-04-29
Debbie Stabenow,https://en.wikipedia.org//wiki/Debbie_Stabenow,April_29,2020-04-29
Jim Ryun,https://en.wikipedia.org//wiki/Jim_Ryun,April_29,2020-04-29
Johnny Miller,https://en.wikipedia.org//wiki/Johnny_Miller,April_29,2020-04-29
Willie Nelson,https://en.wikipedia.org//wiki/Willie_Nelson,April_29,2020-04-29
Jeremy Thorpe,https://en.wikipedia.org//wiki/Jeremy_Thorpe,April_29,2020-04-29
Victoria Sinitsina,https://en.wikipedia.org//wiki/Victoria_Sinitsina,April_29,2020-04-29
Dale Earnhardt,https://en.wikipedia.org//wiki/Dale_Earnhardt,April_29,2020-04-29
António Guterres,https://en.wikipedia.org//wiki/Ant%C3%B3nio_Guterres,April_30,2020-04-30
Don Schollander,https://en.wikipedia.org//wiki/Don_Schollander,April_30,2020-04-30
Dorival Caymmi,https://en.wikipedia.org//wiki/Dorival_Caymmi,April_30,2020-04-30
Joachim von Ribbentrop,https://en.wikipedia.org//wiki/Joachim_von_Ribbentrop,April_30,2020-04-30
Stephen Harper,https://en.wikipedia.org//wiki/Stephen_Harper,April_30,2020-04-30
Claude Shannon,https://en.wikipedia.org//wiki/Claude_Shannon,April_30,2020-04-30
Jane Campion,https://en.wikipedia.org//wiki/Jane_Campion,April_30,2020-04-30
Carl XVI Gustaf of Sweden,https://en.wikipedia.org//wiki/Carl_XVI_Gustaf_of_Sweden,April_30,2020-04-30
Prime Minister of Iceland,https://en.wikipedia.org//wiki/Prime_Minister_of_Iceland,April_30,2020-04-30
Carl Friedrich Gauss,https://en.wikipedia.org//wiki/Carl_Friedrich_Gauss,April_30,2020-04-30
Michael Waltrip,https://en.wikipedia.org//wiki/Michael_Waltrip,April_30,2020-04-30
Lars von Trier,https://en.wikipedia.org//wiki/Lars_von_Trier,April_30,2020-04-30
Isiah Thomas,https://en.wikipedia.org//wiki/Isiah_Thomas,April_30,2020-04-30
